{
  "train_r2": 0.9872781699317225,
  "val_r2": 0.8825548940030427,
  "test_r2": 0.8217533114068081,
  "test_mape": 5.3908958889309755,
  "test_mae": 5.850585885305643,
  "n_trials": 100,
  "best_params": {
    "max_depth": 7,
    "learning_rate": 0.03472776178583303,
    "n_estimators": 895,
    "min_child_weight": 75,
    "subsample": 0.86681226560279,
    "colsample_bytree": 0.8209481496039825,
    "reg_alpha": 0.0013776007280015684,
    "reg_lambda": 5.782744430970015,
    "gamma": 0.3502287147277685
  },
  "features": 60,
  "feature_names": [
    "hour",
    "hour_sin",
    "hour_cos",
    "dayofweek",
    "dow_sin",
    "dow_cos",
    "is_weekend",
    "month",
    "month_sin",
    "month_cos",
    "doy_sin",
    "doy_cos",
    "is_summer",
    "is_winter",
    "peak_morning",
    "peak_evening",
    "off_peak",
    "smp_lag1",
    "smp_lag2",
    "smp_lag3",
    "smp_lag4",
    "smp_lag5",
    "smp_lag6",
    "smp_lag12",
    "smp_lag24",
    "smp_lag48",
    "smp_lag72",
    "smp_lag96",
    "smp_lag168",
    "smp_ma6",
    "smp_std6",
    "smp_min6",
    "smp_max6",
    "smp_ma12",
    "smp_std12",
    "smp_min12",
    "smp_max12",
    "smp_ma24",
    "smp_std24",
    "smp_min24",
    "smp_max24",
    "smp_ma48",
    "smp_std48",
    "smp_min48",
    "smp_max48",
    "smp_ma72",
    "smp_std72",
    "smp_min72",
    "smp_max72",
    "smp_ma168",
    "smp_std168",
    "smp_min168",
    "smp_max168",
    "smp_diff1",
    "smp_diff24",
    "smp_diff168",
    "smp_lag1_vs_ma24",
    "smp_lag1_vs_ma168",
    "smp_range24",
    "smp_range168"
  ],
  "records": 43536,
  "timestamp": "2025-12-26T12:01:18.953874"
}