{
  "experiment": "EVAL-004",
  "description": "Conditional Model Experiment",
  "timestamp": "2025-12-15T23:13:21.423511",
  "config": {
    "n_trials": 5,
    "epochs": 50,
    "horizon": 1,
    "sequence_length": 168
  },
  "summary": {
    "demand_only": {
      "mape_mean": 6.331552267074585,
      "mape_std": 0.1975981131766264,
      "r2_mean": 0.851567628979683,
      "r2_std": 0.007500645348008177
    },
    "weather_full": {
      "mape_mean": 6.62115216255188,
      "mape_std": 0.3666580988239788,
      "r2_mean": 0.8390858471393585,
      "r2_std": 0.017634427659312033
    },
    "conditional_hard": {
      "mape_mean": 6.331552267074585,
      "mape_std": 0.1975981131766264,
      "r2_mean": 0.851567628979683,
      "r2_std": 0.007500645348008177
    },
    "conditional_soft": {
      "mape_mean": 6.317650750279427,
      "mape_std": 0.1931440431199177,
      "r2_mean": 0.8520926386117935,
      "r2_std": 0.0072647827016117305
    }
  },
  "detailed_results": {
    "demand_only": [
      {
        "MAPE": 6.32987841963768,
        "R2": 0.851611390709877,
        "MSE": 1588.40185546875,
        "RMSE": 39.854759216308594,
        "MAE": 29.79559326171875,
        "sMAPE": 6.205084919929504,
        "MBE": -2.6059932708740234,
        "CV_RMSE": 8.028769493103027,
        "MaxError": 283.98291015625,
        "MedianAE": 23.856582641601562
      },
      {
        "MAPE": 6.607636064291,
        "R2": 0.8417727500200272,
        "MSE": 1693.7178955078125,
        "RMSE": 41.15480422973633,
        "MAE": 30.64594268798828,
        "sMAPE": 6.4365386962890625,
        "MBE": -1.0264323949813843,
        "CV_RMSE": 8.290664106607437,
        "MaxError": 317.81964111328125,
        "MedianAE": 24.549957275390625
      },
      {
        "MAPE": 6.26060888171196,
        "R2": 0.8568176031112671,
        "MSE": 1532.6727294921875,
        "RMSE": 39.14936447143555,
        "MAE": 28.874589920043945,
        "sMAPE": 6.098917871713638,
        "MBE": -0.07874079793691635,
        "CV_RMSE": 7.886666804552078,
        "MaxError": 317.88763427734375,
        "MedianAE": 22.82244873046875
      },
      {
        "MAPE": 6.445767730474472,
        "R2": 0.8452256321907043,
        "MSE": 1656.757080078125,
        "RMSE": 40.70328140258789,
        "MAE": 30.594514846801758,
        "sMAPE": 6.354273855686188,
        "MBE": -6.385356426239014,
        "CV_RMSE": 8.199704438447952,
        "MaxError": 288.23907470703125,
        "MedianAE": 24.65673828125
      },
      {
        "MAPE": 6.0138702392578125,
        "R2": 0.862410768866539,
        "MSE": 1472.8016357421875,
        "RMSE": 38.377098083496094,
        "MAE": 28.089448928833008,
        "sMAPE": 5.8814700692892075,
        "MBE": -1.1263611316680908,
        "CV_RMSE": 7.731093466281891,
        "MaxError": 298.14825439453125,
        "MedianAE": 22.53765869140625
      }
    ],
    "weather_full": [
      {
        "MAPE": 6.642389297485352,
        "R2": 0.833126425743103,
        "MSE": 1786.2711181640625,
        "RMSE": 42.26430130004883,
        "MAE": 31.99887466430664,
        "sMAPE": 6.58988282084465,
        "MBE": -8.97933292388916,
        "CV_RMSE": 8.514173328876495,
        "MaxError": 289.00177001953125,
        "MedianAE": 25.550582885742188
      },
      {
        "MAPE": 6.408388167619705,
        "R2": 0.8411297053098679,
        "MSE": 1700.6014404296875,
        "RMSE": 41.23834991455078,
        "MAE": 30.76978874206543,
        "sMAPE": 6.3521698117256165,
        "MBE": -8.00269889831543,
        "CV_RMSE": 8.307494968175888,
        "MaxError": 299.0985107421875,
        "MedianAE": 24.405868530273438
      },
      {
        "MAPE": 7.316195964813232,
        "R2": 0.8089838176965714,
        "MSE": 2044.701904296875,
        "RMSE": 45.218379974365234,
        "MAE": 34.503536224365234,
        "sMAPE": 7.150055468082428,
        "MBE": -3.9847917556762695,
        "CV_RMSE": 9.109274297952652,
        "MaxError": 274.95428466796875,
        "MedianAE": 27.416427612304688
      },
      {
        "MAPE": 6.2782324850559235,
        "R2": 0.8599960952997208,
        "MSE": 1498.6490478515625,
        "RMSE": 38.71238708496094,
        "MAE": 28.297624588012695,
        "sMAPE": 6.07496090233326,
        "MBE": 2.891371726989746,
        "CV_RMSE": 7.7986374497413635,
        "MaxError": 317.92864990234375,
        "MedianAE": 21.591903686523438
      },
      {
        "MAPE": 6.460554897785187,
        "R2": 0.8521931916475296,
        "MSE": 1582.1739501953125,
        "RMSE": 39.77655029296875,
        "MAE": 29.693368911743164,
        "sMAPE": 6.278646737337112,
        "MBE": 0.7304069399833679,
        "CV_RMSE": 8.013014495372772,
        "MaxError": 316.48370361328125,
        "MedianAE": 23.630020141601562
      }
    ],
    "conditional_hard": [
      {
        "MAPE": 6.32987841963768,
        "R2": 0.851611390709877,
        "MSE": 1588.40185546875,
        "RMSE": 39.854759216308594,
        "MAE": 29.79559326171875,
        "sMAPE": 6.205084919929504,
        "MBE": -2.6059932708740234,
        "CV_RMSE": 8.028769493103027,
        "MaxError": 283.98291015625,
        "MedianAE": 23.856582641601562
      },
      {
        "MAPE": 6.607636064291,
        "R2": 0.8417727500200272,
        "MSE": 1693.7178955078125,
        "RMSE": 41.15480422973633,
        "MAE": 30.64594268798828,
        "sMAPE": 6.4365386962890625,
        "MBE": -1.0264323949813843,
        "CV_RMSE": 8.290664106607437,
        "MaxError": 317.81964111328125,
        "MedianAE": 24.549957275390625
      },
      {
        "MAPE": 6.26060888171196,
        "R2": 0.8568176031112671,
        "MSE": 1532.6727294921875,
        "RMSE": 39.14936447143555,
        "MAE": 28.874589920043945,
        "sMAPE": 6.098917871713638,
        "MBE": -0.07874079793691635,
        "CV_RMSE": 7.886666804552078,
        "MaxError": 317.88763427734375,
        "MedianAE": 22.82244873046875
      },
      {
        "MAPE": 6.445767730474472,
        "R2": 0.8452256321907043,
        "MSE": 1656.757080078125,
        "RMSE": 40.70328140258789,
        "MAE": 30.594514846801758,
        "sMAPE": 6.354273855686188,
        "MBE": -6.385356426239014,
        "CV_RMSE": 8.199704438447952,
        "MaxError": 288.23907470703125,
        "MedianAE": 24.65673828125
      },
      {
        "MAPE": 6.0138702392578125,
        "R2": 0.862410768866539,
        "MSE": 1472.8016357421875,
        "RMSE": 38.377098083496094,
        "MAE": 28.089448928833008,
        "sMAPE": 5.8814700692892075,
        "MBE": -1.1263611316680908,
        "CV_RMSE": 7.731093466281891,
        "MaxError": 298.14825439453125,
        "MedianAE": 22.53765869140625
      }
    ],
    "conditional_soft": [
      {
        "MAPE": 6.319078803062439,
        "R2": 0.8518554717302322,
        "MSE": 1585.7890625,
        "RMSE": 39.82196807861328,
        "MAE": 29.75726318359375,
        "sMAPE": 6.196405366063118,
        "MBE": -2.8016278743743896,
        "CV_RMSE": 8.022163808345795,
        "MaxError": 283.98291015625,
        "MedianAE": 23.806060791015625
      },
      {
        "MAPE": 6.5856121480464935,
        "R2": 0.8426157832145691,
        "MSE": 1684.6939697265625,
        "RMSE": 41.04502487182617,
        "MAE": 30.550647735595703,
        "sMAPE": 6.416019052267075,
        "MBE": -1.1175686120986938,
        "CV_RMSE": 8.268549293279648,
        "MaxError": 317.81964111328125,
        "MedianAE": 24.342208862304688
      },
      {
        "MAPE": 6.261465698480606,
        "R2": 0.8567892163991928,
        "MSE": 1532.9766845703125,
        "RMSE": 39.15324783325195,
        "MAE": 28.880451202392578,
        "sMAPE": 6.099410727620125,
        "MBE": -0.11198131740093231,
        "CV_RMSE": 7.887449115514755,
        "MaxError": 317.88763427734375,
        "MedianAE": 22.837066650390625
      },
      {
        "MAPE": 6.4218007028102875,
        "R2": 0.846253514289856,