{
  "experiment": "EVAL-004",
  "description": "Conditional Model Experiment",
  "timestamp": "2025-12-15T21:57:09.975563",
  "config": {
    "n_trials": 2,
    "epochs": 10,
    "horizon": 1,
    "sequence_length": 168
  },
  "summary": {
    "demand_only": {
      "mape_mean": 6.946205720305443,
      "mape_std": 0.09183920919895172,
      "r2_mean": 0.8229447230696678,
      "r2_std": 0.003836624324321747
    },
    "weather_full": {
      "mape_mean": 7.902691513299942,
      "mape_std": 0.4213288426399231,
      "r2_mean": 0.775990903377533,
      "r2_std": 0.02052631974220276
    },
    "conditional_hard": {
      "mape_mean": 6.946205720305443,
      "mape_std": 0.09183920919895172,
      "r2_mean": 0.8229447230696678,
      "r2_std": 0.003836624324321747
    },
    "conditional_soft": {
      "mape_mean": 6.931652128696442,
      "mape_std": 0.08522048592567444,
      "r2_mean": 0.8234633579850197,
      "r2_std": 0.003627471625804901
    }
  },
  "detailed_results": {
    "demand_only": [
      {
        "MAPE": 6.854366511106491,
        "R2": 0.8267813473939896,
        "MSE": 1854.1910400390625,
        "RMSE": 43.06031799316406,
        "MAE": 32.10431671142578,
        "sMAPE": 6.705936044454575,
        "MBE": -2.8216183185577393,
        "CV_RMSE": 8.674531430006027,
        "MaxError": 313.6583251953125,
        "MedianAE": 24.913864135742188
      },
      {
        "MAPE": 7.0380449295043945,
        "R2": 0.8191080987453461,
        "MSE": 1936.3280029296875,
        "RMSE": 44.003726959228516,
        "MAE": 33.494407653808594,
        "sMAPE": 6.913476437330246,
        "MBE": -4.357928276062012,
        "CV_RMSE": 8.86458158493042,
        "MaxError": 306.51385498046875,
        "MedianAE": 26.968490600585938
      }
    ],
    "weather_full": [
      {
        "MAPE": 8.324020355939865,
        "R2": 0.7554645836353302,
        "MSE": 2617.589599609375,
        "RMSE": 51.162384033203125,
        "MAE": 40.008155822753906,
        "sMAPE": 8.232537657022476,
        "MBE": -11.388961791992188,
        "CV_RMSE": 10.306698083877563,
        "MaxError": 296.30877685546875,
        "MedianAE": 32.617645263671875
      },
      {
        "MAPE": 7.481362670660019,
        "R2": 0.7965172231197357,
        "MSE": 2178.1484375,
        "RMSE": 46.67063903808594,
        "MAE": 35.7593879699707,
        "sMAPE": 7.368846982717514,
        "MBE": -8.205350875854492,
        "CV_RMSE": 9.401833266019821,
        "MaxError": 294.2041320800781,
        "MedianAE": 28.598190307617188
      }
    ],
    "conditional_hard": [
      {
        "MAPE": 6.854366511106491,
        "R2": 0.8267813473939896,
        "MSE": 1854.1910400390625,
        "RMSE": 43.06031799316406,
        "MAE": 32.10431671142578,
        "sMAPE": 6.705936044454575,
        "MBE": -2.8216183185577393,
        "CV_RMSE": 8.674531430006027,
        "MaxError": 313.6583251953125,
        "MedianAE": 24.913864135742188
      },
      {
        "MAPE": 7.0380449295043945,
        "R2": 0.8191080987453461,
        "MSE": 1936.3280029296875,
        "RMSE": 44.003726959228516,
        "MAE": 33.494407653808594,
        "sMAPE": 6.913476437330246,
        "MBE": -4.357928276062012,
        "CV_RMSE": 8.86458158493042,
        "MaxError": 306.51385498046875,
        "MedianAE": 26.968490600585938
      }
    ],
    "conditional_soft": [
      {
        "MAPE": 6.846431642770767,
        "R2": 0.8270908296108246,
        "MSE": 1850.878173828125,
        "RMSE": 43.02183532714844,
        "MAE": 32.07299041748047,
        "sMAPE": 6.69926255941391,
        "MBE": -2.9922351837158203,
        "CV_RMSE": 8.666779100894928,
        "MaxError": 313.6583251953125,
        "MedianAE": 24.90045166015625
      },
      {
        "MAPE": 7.016872614622116,
        "R2": 0.8198358863592148,
        "MSE": 1928.53759765625,
        "RMSE": 43.91511917114258,
        "MAE": 33.40103530883789,
        "sMAPE": 6.894146651029587,
        "MBE": -4.532104969024658,
        "CV_RMSE": 8.84673148393631,
        "MaxError": 306.51385498046875,
        "MedianAE": 26.871688842773438
      }
    ]
  }
}