{
  "experiment": "EVAL-005",
  "description": "External Features Experiment (Population + EV)",
  "timestamp": "2025-12-16T01:41:30.259764",
  "config": {
    "n_trials": 5,
    "epochs": 50,
    "sequence_length": 168,
    "external_features": [
      "estimated_population",
      "ev_cumulative",
      "tourist_ratio",
      "ev_penetration",
      "ev_cumulative_log"
    ]
  },
  "summary": {
    "baseline": {
      "mape_mean": 6.331552267074585,
      "mape_std": 0.1975981131766264,
      "r2_mean": 0.851567628979683,
      "r2_std": 0.007500645348008177,
      "n_features": 17
    },
    "weather": {
      "mape_mean": 6.707100719213486,
      "mape_std": 0.10020867425642517,
      "r2_mean": 0.8331985086202621,
      "r2_std": 0.0069571369892546375,
      "n_features": 23
    },
    "external": {
      "mape_mean": 6.9971005618572235,
      "mape_std": 0.08431595945282137,
      "r2_mean": 0.8266527771949768,
      "r2_std": 0.0021150078962176863,
      "n_features": 22
    },
    "full": {
      "mape_mean": 7.1167682111263275,
      "mape_std": 0.1992026747120572,
      "r2_mean": 0.8258518725633621,
      "r2_std": 0.0076754516777134294,
      "n_features": 28
    }
  },
  "detailed_results": {
    "baseline": [
      {
        "MAPE": 6.32987841963768,
        "R2": 0.851611390709877,
        "MSE": 1588.40185546875,
        "RMSE": 39.854759216308594,
        "MAE": 29.79559326171875,
        "sMAPE": 6.205084919929504,
        "MBE": -2.6059932708740234,
        "CV_RMSE": 8.028769493103027,
        "MaxError": 283.98291015625,
        "MedianAE": 23.856582641601562
      },
      {
        "MAPE": 6.607636064291,
        "R2": 0.8417727500200272,
        "MSE": 1693.7178955078125,
        "RMSE": 41.15480422973633,
        "MAE": 30.64594268798828,
        "sMAPE": 6.4365386962890625,
        "MBE": -1.0264323949813843,
        "CV_RMSE": 8.290664106607437,
        "MaxError": 317.81964111328125,
        "MedianAE": 24.549957275390625
      },
      {
        "MAPE": 6.26060888171196,
        "R2": 0.8568176031112671,
        "MSE": 1532.6727294921875,
        "RMSE": 39.14936447143555,
        "MAE": 28.874589920043945,
        "sMAPE": 6.098917871713638,
        "MBE": -0.07874079793691635,
        "CV_RMSE": 7.886666804552078,
        "MaxError": 317.88763427734375,
        "MedianAE": 22.82244873046875
      },
      {
        "MAPE": 6.445767730474472,
        "R2": 0.8452256321907043,
        "MSE": 1656.757080078125,
        "RMSE": 40.70328140258789,
        "MAE": 30.594514846801758,
        "sMAPE": 6.354273855686188,
        "MBE": -6.385356426239014,
        "CV_RMSE": 8.199704438447952,
        "MaxError": 288.23907470703125,
        "MedianAE": 24.65673828125
      },
      {
        "MAPE": 6.0138702392578125,
        "R2": 0.862410768866539,
        "MSE": 1472.8016357421875,
        "RMSE": 38.377098083496094,
        "MAE": 28.089448928833008,
        "sMAPE": 5.8814700692892075,
        "MBE": -1.1263611316680908,
        "CV_RMSE": 7.731093466281891,
        "MaxError": 298.14825439453125,
        "MedianAE": 22.53765869140625
      }
    ],
    "weather": [
      {
        "MAPE": 6.634661555290222,
        "R2": 0.8295422196388245,
        "MSE": 1824.6376953125,
        "RMSE": 42.71577835083008,
        "MAE": 32.1857795715332,
        "sMAPE": 6.584962457418442,
        "MBE": -9.029142379760742,
        "CV_RMSE": 8.605124056339264,
        "MaxError": 279.19085693359375,
        "MedianAE": 25.038482666015625
      },
      {
        "MAPE": 6.766874343156815,
        "R2": 0.8293363153934479,
        "MSE": 1826.841796875,
        "RMSE": 42.74156951904297,
        "MAE": 32.4566535949707,
        "sMAPE": 6.677097827196121,
        "MBE": -7.506202697753906,
        "CV_RMSE": 8.610319346189499,
        "MaxError": 279.75518798828125,
        "MedianAE": 25.847320556640625
      },
      {
        "MAPE": 6.609519571065903,
        "R2": 0.8391316086053848,
        "MSE": 1721.9896240234375,
        "RMSE": 41.496864318847656,
        "MAE": 31.19671058654785,
        "sMAPE": 6.474661827087402,
        "MBE": -3.9667270183563232,
        "CV_RMSE": 8.359572291374207,
        "MaxError": 304.98089599609375,
        "MedianAE": 24.691360473632812
      },
      {
        "MAPE": 6.8757787346839905,
        "R2": 0.8245767056941986,
        "MSE": 1877.7901611328125,
        "RMSE": 43.33347702026367,
        "MAE": 33.18236541748047,
        "sMAPE": 6.822460889816284,
        "MBE": -10.381604194641113,
        "CV_RMSE": 8.729559183120728,
        "MaxError": 276.4430847167969,
        "MedianAE": 27.218399047851562
      },
      {
        "MAPE": 6.648669391870499,
        "R2": 0.843405693769455,
        "MSE": 1676.2384033203125,
        "RMSE": 40.941890716552734,
        "MAE": 30.9128475189209,
        "sMAPE": 6.484725326299667,
        "MBE": -1.7712488174438477,
        "CV_RMSE": 8.247772604227066,
        "MaxError": 265.030517578125,
        "MedianAE": 25.08917236328125
      }
    ],
    "external": [
      {
        "MAPE": 7.039467990398407,
        "R2": 0.8281577527523041,
        "MSE": 1839.45751953125,
        "RMSE": 42.88889694213867,
        "MAE": 32.273189544677734,
        "sMAPE": 6.812687963247299,
        "MBE": -0.4566686749458313,
        "CV_RMSE": 8.639998733997345,
        "MaxError": 295.63079833984375,
        "MedianAE": 25.917449951171875
      },
      {
        "MAPE": 6.900539994239807,
        "R2": 0.8279377222061157,
        "MSE": 1841.812744140625,
        "RMSE": 42.91634750366211,
        "MAE": 32.352806091308594,
        "sMAPE": 6.745780259370804,
        "MBE": -4.775700569152832,
        "CV_RMSE": 8.645528554916382,
        "MaxError": 290.55682373046875,
        "MedianAE": 25.593429565429688
      },
      {
        "MAPE": 6.922513246536255,
        "R2": 0.8230099678039551,
        "MSE": 1894.56103515625,
        "RMSE": 43.526554107666016,
        "MAE": 33.03581237792969,
        "sMAPE": 6.817915290594101,
        "MBE": -6.828295707702637,
        "CV_RMSE": 8.768454939126968,
        "MaxError": 281.46685791015625,
        "MedianAE": 26.271514892578125
      },
      {
        "MAPE": 6.988787651062012,
        "R2": 0.8286310732364655,
        "MSE": 1834.390869140625,
        "RMSE": 42.82978820800781,
        "MAE": 31.87845802307129,
        "sMAPE": 6.737769395112991,
        "MBE": 2.761960983276367,
        "CV_RMSE": 8.628091216087341,
        "MaxError": 305.27789306640625,
        "MedianAE": 25.141311645507812
      },
      {
        "MAPE": 7.134193927049637,
        "R2": 0.8255273699760437,
        "MSE": 1867.614013671875,
        "RMSE": 43.21590042114258,
        "MAE": 32.63594436645508,
        "sMAPE": 6.883736699819565,
        "MBE": 2.7914631366729736,
        "CV_RMSE": 8.705873787403107,
        "MaxError": 304.46240234375,
        "MedianAE": 26.460296630859375
      }
    ],
    "full": [
      {
        "MAPE": 6.916288286447525,
        "R2": 0.8280476480722427,
        "MSE": 1840.635986328125,
        "RMSE": 42.90263366699219,
        "MAE": 32.276004791259766,
        "sMAPE": 6.751836836338043,
        "MBE": -1.8148131370544434,
        "CV_RMSE": 8.642765879631042,
        "MaxError": 299.79705810546875,
        "MedianAE": 25.83831787109375
      },
      {
        "MAPE": 6.871671229600906,
        "R2": 0.8361639678478241,
        "MSE": 1753.75634765625,
        "RMSE": 41.877872467041016,
        "MAE": 31.64866828918457,
        "sMAPE": 6.676376610994339,
        "MBE": -1.169512391090393,
        "CV_RMSE": 8.436326682567596,
        "MaxError": 313.52508544921875,
        "MedianAE": 25.949935913085938
      },
      {
        "MAPE": 7.181581109762192,
        "R2": 0.8252319693565369,
        "MSE": 1870.7760009765625,
        "RMSE": 43.25246810913086,
        "MAE": 33.20146179199219,
        "sMAPE": 6.98578953742981,
        "MBE": -1.5963267087936401,