{
  "experiment": "EVAL-006",
  "description": "External Features Horizon Experiment",
  "timestamp": "2025-12-16T04:25:25.674221",
  "config": {
    "horizons": [
      1,
      24,
      168
    ],
    "n_trials": 3,
    "epochs": 50,
    "external_features": [
      "estimated_population",
      "ev_cumulative",
      "tourist_ratio",
      "ev_penetration",
      "ev_cumulative_log"
    ]
  },
  "summary": {
    "h=1": {
      "baseline": {
        "mape_mean": 6.399374455213547,
        "mape_std": 0.14995386086561932
      },
      "external": {
        "mape_mean": 7.329749564329783,
        "mape_std": 0.4327302762169113
      },
      "effect": -14.538532096027973
    },
    "h=24": {
      "baseline": {
        "mape_mean": 15.65926969051361,
        "mape_std": 0.17583831131394373
      },
      "external": {
        "mape_mean": 16.26827617486318,
        "mape_std": 0.2777956008610037
      },
      "effect": -3.8891116660344878
    },
    "h=168": {
      "baseline": {
        "mape_mean": 17.140867312749226,
        "mape_std": 0.05238148856950964
      },
      "external": {
        "mape_mean": 17.492227753003437,
        "mape_std": 0.19553107022451685
      },
      "effect": -2.049840500152945
    }
  },
  "detailed_results": {
    "1": {
      "baseline": [
        {
          "MAPE": 6.32987841963768,
          "R2": 0.851611390709877,
          "MSE": 1588.40185546875,
          "RMSE": 39.854759216308594,
          "MAE": 29.79559326171875,
          "sMAPE": 6.205084919929504,
          "MBE": -2.6059932708740234,
          "CV_RMSE": 8.028769493103027,
          "MaxError": 283.98291015625,
          "MedianAE": 23.856582641601562
        },
        {
          "MAPE": 6.607636064291,
          "R2": 0.8417727500200272,
          "MSE": 1693.7178955078125,
          "RMSE": 41.15480422973633,
          "MAE": 30.64594268798828,
          "sMAPE": 6.4365386962890625,
          "MBE": -1.0264323949813843,
          "CV_RMSE": 8.290664106607437,
          "MaxError": 317.81964111328125,
          "MedianAE": 24.549957275390625
        },
        {
          "MAPE": 6.26060888171196,
          "R2": 0.8568176031112671,
          "MSE": 1532.6727294921875,
          "RMSE": 39.14936447143555,
          "MAE": 28.874589920043945,
          "sMAPE": 6.098917871713638,
          "MBE": -0.07874079793691635,
          "CV_RMSE": 7.886666804552078,
          "MaxError": 317.88763427734375,
          "MedianAE": 22.82244873046875
        }
      ],
      "external": [
        {
          "MAPE": 7.821396738290787,
          "R2": 0.7933234572410583,
          "MSE": 2212.33544921875,
          "RMSE": 47.03546905517578,
          "MAE": 36.00779724121094,
          "sMAPE": 7.55918025970459,
          "MBE": -1.2730975151062012,
          "CV_RMSE": 9.475328773260117,
          "MaxError": 267.6195068359375,
          "MedianAE": 29.365005493164062
        },
        {
          "MAPE": 6.76833838224411,
          "R2": 0.8366378396749496,
          "MSE": 1748.6837158203125,
          "RMSE": 41.817264556884766,
          "MAE": 31.503746032714844,
          "sMAPE": 6.599309295415878,
          "MBE": -1.9316507577896118,
          "CV_RMSE": 8.424117416143417,
          "MaxError": 293.43792724609375,
          "MedianAE": 25.274261474609375
        },
        {
          "MAPE": 7.3995135724544525,
          "R2": 0.810725674033165,
          "MSE": 2026.056396484375,
          "RMSE": 45.01173782348633,
          "MAE": 34.682838439941406,
          "sMAPE": 7.240193337202072,
          "MBE": -5.834547519683838,
          "CV_RMSE": 9.06764641404152,
          "MaxError": 285.4080810546875,
          "MedianAE": 28.381072998046875
        }
      ]
    },
    "24": {
      "baseline": [
        {
          "MAPE": 15.623794496059418,
          "R2": 0.24593853950500488,
          "MSE": 8055.201171875,
          "RMSE": 89.75077056884766,
          "MAE": 72.90110778808594,
          "sMAPE": 15.040577948093414,
          "MBE": -7.8173747062683105,
          "CV_RMSE": 18.089891970157623,
          "MaxError": 345.5740661621094,
          "MedianAE": 64.93728637695312
        },
        {
          "MAPE": 15.463852882385254,
          "R2": 0.2538442015647888,
          "MSE": 7970.75048828125,
          "RMSE": 89.27906036376953,
          "MAE": 72.9244384765625,
          "sMAPE": 15.043312311172485,
          "MBE": -12.4724702835083,
          "CV_RMSE": 17.99481511116028,
          "MaxError": 326.4266052246094,
          "MedianAE": 64.9169921875
        },
        {
          "MAPE": 15.890161693096161,
          "R2": 0.21789371967315674,
          "MSE": 8354.7880859375,
          "RMSE": 91.40453338623047,
          "MAE": 74.58738708496094,
          "sMAPE": 15.358063578605652,
          "MBE": -9.996500015258789,
          "CV_RMSE": 18.42321902513504,
          "MaxError": 359.4300231933594,
          "MedianAE": 66.16744995117188
        }
      ],
      "external": [
        {
          "MAPE": 15.876281261444092,
          "R2": 0.23333078622817993,
          "MSE": 8189.8828125,
          "RMSE": 90.49797058105469,
          "MAE": 74.2052993774414,
          "sMAPE": 15.243664383888245,
          "MBE": -6.0578694343566895,
          "CV_RMSE": 18.240495026111603,
          "MaxError": 301.4041442871094,
          "MedianAE": 66.37826538085938
        },
        {
          "MAPE": 16.441677510738373,
          "R2": 0.18228179216384888,
          "MSE": 8735.2099609375,
          "RMSE": 93.46234893798828,
          "MAE": 77.29431915283203,
          "sMAPE": 15.825751423835754,
          "MBE": -8.939330101013184,
          "CV_RMSE": 18.837985396385193,
          "MaxError": 258.7650146484375,
          "MedianAE": 68.76318359375
        },
        {
          "MAPE": 16.486869752407074,
          "R2": 0.20590364933013916,
          "MSE": 8482.87109375,
          "RMSE": 92.10250091552734,
          "MAE": 75.98291778564453,
          "sMAPE": 15.568256378173828,
          "MBE": 1.5157886743545532,
          "CV_RMSE": 18.563899397850037,
          "MaxError": 304.6040954589844,
          "MedianAE": 68.36264038085938
        }
      ]
    },
    "168": {
      "baseline": [
        {
          "MAPE": 17.176826298236847,
          "R2": 0.003469705581665039,
          "MSE": 10560.82421875,
          "RMSE": 102.765869140625,
          "MAE": 84.3019027709961,
          "sMAPE": 17.379672825336456,
          "MBE": -31.473941802978516,
          "CV_RMSE": 20.766642689704895,
          "MaxError": 322.76519775390625,
          "MedianAE": 74.46591186523438
        },
        {
          "MAPE": 17.066799104213715,
          "R2": 0.02089327573776245,
          "MSE": 10376.1767578125,
          "RMSE": 101.86351776123047,
          "MAE": 83.36456298828125,
          "sMAPE": 17.147818207740784,
          "MBE": -27.970458984375,
          "CV_RMSE": 20.5842986702919,
          "MaxError": 305.1651611328125,
          "MedianAE": 72.712890625
        },
        {
          "MAPE": 17.17897653579712,
          "R2": -0.009775400161743164,
          "MSE": 10701.19140625,
          "RMSE": 103.44656372070312,
          "MAE": 84.99749755859375,
          "sMAPE": 17.529162764549255,
          "MBE": -35.63808822631836,
          "CV_RMSE": 20.904195308685303,
          "MaxError": 304.0855712890625,
          "MedianAE": 75.98501586914062
        }
      ],
      "external": [
        {
          "MAPE": 17.703664302825928,
          "R2": 0.019614994525909424,
          "MSE": 10389.72265625,
          "RMSE": 101.92999267578125,
          "MAE": 83.65769958496094,
          "sMAPE": 17.123910784721375,
          "MBE": -8.176154136657715,
          "CV_RMSE": 20.597730576992035,
          "MaxError": 256.067626953125,
          "MedianAE": 74.78042602539062
        },
        {
          "MAPE": 17.540845274925232,
          "R2": 0.04410737752914429,
          "MSE": 10130.162109375,