{
  "val_mape": 16.442686319351196,
  "val_r2": 0.471735417842865,
  "test_mape": 17.33991652727127,
  "test_r2": 0.15817391872406006,
  "features": 97,
  "records": 8016,
  "config": {
    "seq_len": 96,
    "hidden_size": 64,
    "num_layers": 1,
    "dropout": 0.2,
    "n_heads": 4,
    "lr": 0.000165,
    "weight_decay": 0.000476,
    "batch_size": 32,
    "epochs": 150,
    "patience": 20
  },
  "timestamp": "2025-12-26T06:45:48.511327"
}