{
  "lgb_r2": 0.8297353774602145,
  "lgb_mape": 5.380594560397102,
  "cat_r2": 0.8334767098808188,
  "cat_mape": 5.245421481120243,
  "xgb_r2": 0.8319323215560982,
  "xgb_mape": 5.3196175341680165,
  "avg_r2": 0.8330533233188732,
  "avg_mape": 5.277525276253073,
  "stacking_r2": 0.811437077257734,
  "stacking_mape": 5.854120612689764,
  "stacking_mae": 6.321346454970198,
  "meta_weights": {
    "lgb": 0.33333908371534426,
    "catboost": 0.4648008018527119,
    "xgb": 0.3594615703049656
  },
  "meta_alpha": 0.01,
  "n_folds": 5,
  "features": 60,
  "records": 43536,
  "timestamp": "2025-12-26T12:11:50.318099"
}