{
  "weights": {
    "lgb": -0.8414176136254966,
    "catboost": 0.3765984990029908,
    "xgb": 1.4648191146225058
  },
  "lgb_r2": 0.829780604017874,
  "lgb_mape": 5.384840287921164,
  "cat_r2": 0.8334767098808188,
  "cat_mape": 5.245421481120243,
  "xgb_r2": 0.8319323215560982,
  "xgb_mape": 5.3196175341680165,
  "avg_r2": 0.8330816827883551,
  "avg_mape": 5.278724359514681,
  "weighted_r2": 0.8330783456334243,
  "weighted_mape": 5.277319222870499,
  "weighted_mae": 5.726804824824074,
  "features": 60,
  "n_folds": 5,
  "timestamp": "2025-12-26T12:21:37.759239"
}