{
  "best_transform": "boxcox",
  "test_r2": 0.7932140454616267,
  "test_mape": 5.690914208678616,
  "test_mae": 6.143559214109645,
  "cv_mean": 0.3156526070269873,
  "cv_std": 0.9211600622053016,
  "all_results": {
    "none": {
      "test_r2": 0.7929991594965882,
      "test_mape": 5.589257496344571,
      "test_mae": 6.069601805333629,
      "cv_mean": 0.33060882148932275,
      "cv_std": 0.9287403417977338,
      "lmbda": null
    },
    "log": {
      "test_r2": 0.7922755508744929,
      "test_mape": 5.707862087773044,
      "test_mae": 6.193615801803194,
      "cv_mean": 0.3350159742697671,
      "cv_std": 0.8973956925814028,
      "lmbda": null
    },
    "sqrt": {
      "test_r2": 0.7905914578693589,
      "test_mape": 5.699757378469573,
      "test_mae": 6.199558992581846,
      "cv_mean": 0.32995644834804655,
      "cv_std": 0.9314740163399561,
      "lmbda": null
    },
    "boxcox": {
      "test_r2": 0.7932140454616267,
      "test_mape": 5.690914208678616,
      "test_mae": 6.143559214109645,
      "cv_mean": 0.3156526070269873,
      "cv_std": 0.9211600622053016,
      "lmbda": 0.11595007434646155
    }
  },
  "n_features": 60,
  "records": 43536,
  "timestamp": "2025-12-26T14:17:37.996239"
}