{
  "Demand Only": {
    "epoch": [
      1,
      2,
      3,
      4,
      5,
      6,
      7,
      8,
      9,
      10,
      11,
      12,
      13,
      14,
      15,
      16,
      17,
      18,
      19,
      20,
      21,
      22,
      23,
      24,
      25,
      26,
      27,
      28,
      29,
      30,
      31,
      32,
      33,
      34,
      35,
      36,
      37,
      38,
      39,
      40,
      41,
      42,
      43,
      44,
      45,
      46,
      47
    ],
    "train_loss": [
      0.02937020807461935,
      0.010427967203968087,
      0.007610426380453574,
      0.006418614650570165,
      0.005758548369956524,
      0.005210902216268793,
      0.004911271344837794,
      0.004741665065607796,
      0.004596125341618361,
      0.004492630867397323,
      0.004387771452250422,
      0.00431297688824267,
      0.004282580195228655,
      0.004185045940962144,
      0.004108112484855195,
      0.004102060977749803,
      0.004013114704396657,
      0.004040819086189337,
      0.003925076206712922,
      0.003890922577496553,
      0.003957538406708274,
      0.003925227606872414,
      0.00385892219327016,
      0.003922173838023357,
      0.0038192252997450295,
      0.0037627073943281475,
      0.003748243399611044,
      0.00370678026737507,
      0.0037022155305923786,
      0.0036746611997615303,
      0.0036507194188695937,
      0.0036394681004242053,
      0.0035936309100437795,
      0.0037046311863933945,
      0.0036106606077110012,
      0.003608145707593946,
      0.0036164321606230463,
      0.0035846126248031108,
      0.003335302685973068,
      0.003344870867120208,
      0.0033204250800724275,
      0.0033515295163498516,
      0.003326371177933362,
      0.0033446550992008413,
      0.003167524083195189,
      0.0031298272396584233,
      0.003137233146002687
    ],
    "val_loss": [
      0.010849768185012397,
      0.0139111673481585,
      0.006907535173619787,
      0.007337834458753821,
      0.005290850897186569,
      0.006414649741990226,
      0.006112110243910658,
      0.004346043675295299,
      0.005307367770001292,
      0.004373993103702863,
      0.003851847268552298,
      0.004291661638056948,
      0.005941094082247998,
      0.0041767698324595886,
      0.00413389860962828,
      0.004576902254484594,
      0.0037328943560299066,
      0.004128955210381676,
      0.003798264724623767,
      0.0036889821335318543,
      0.003885113423512805,
      0.004254933094627978,
      0.00408972863252053,
      0.004202147635320823,
      0.003461358397977338,
      0.0038211888694647876,
      0.0036072146807176373,
      0.0050536289096011645,
      0.005388623716065749,
      0.003619456081651151,
      0.003422346975033482,
      0.0031737398905014353,
      0.004429217386392078,
      0.004728421907029336,
      0.003828317378758497,
      0.004888930457777211,
      0.003983332961243356,
      0.003655502971793924,
      0.003904429951771384,
      0.0040642751513847285,
      0.005076516322636356,
      0.003871351386243034,
      0.0039516876706676115,
      0.004370484747813039,
      0.0038845288467460443,
      0.004252440592695382,
      0.00389741649407716
    ],
    "learning_rate": [
      0.001,
      0.001,
      0.001,
      0.001,
      0.001,
      0.001,
      0.001,
      0.001,
      0.001,
      0.001,
      0.001,
      0.001,
      0.001,
      0.001,
      0.001,
      0.001,
      0.001,
      0.001,
      0.001,
      0.001,
      0.001,
      0.001,
      0.001,
      0.001,
      0.001,
      0.001,
      0.001,
      0.001,
      0.001,
      0.001,
      0.001,
      0.001,
      0.001,
      0.001,
      0.001,
      0.001,
      0.001,
      0.001,
      0.0005,
      0.0005,
      0.0005,
      0.0005,
      0.0005,
      0.0005,
      0.00025,
      0.00025,
      0.00025
    ],
    "best_epoch": 32,
    "best_val_loss": 0.0031737398905014353
  },
  "Weather Full": {
    "epoch": [
      1,
      2,
      3,
      4,
      5,
      6,
      7,
      8,
      9,
      10,
      11,
      12,
      13,
      14,
      15,
      16,
      17,
      18,
      19,
      20,
      21,
      22,
      23,
      24,
      25,
      26,
      27,
      28,
      29,
      30,
      31,
      32,
      33,
      34,
      35,
      36,
      37,
      38,
      39
    ],
    "train_loss": [
      0.021986507368375707,
      0.009152090051882457,
      0.006515425182045255,
      0.0056517341674415305,
      0.005049648730279512,
      0.004729229814523433,
      0.004468746602028917,
      0.004394520076670924,
      0.004222375922073818,
      0.003975381637647886,
      0.0039549626971241165,
      0.0038909551679404803,
      0.0038746902004888843,
      0.003906990006702289,
      0.0038732926696274576,
      0.0037474234336295764,
      0.0037685244839321254,
      0.0037110319669159154,
      0.0037652142541625385,
      0.0037263419505058253,
      0.003726648148220423,
      0.0036875081818457285,
      0.00366986542177594,
      0.0036620570168912807,
      0.003616454245473815,
      0.0036707687655293006,
      0.0036259602796485622,
      0.003596003193766139,
      0.003587368367378108,
      0.003585112233865827,
      0.003435741999444824,
      0.003375249370875642,
      0.0033970192943061153,
      0.003371463802350303,
      0.00336701878017083,
      0.0033616807874023717,
      0.003288393375040825,
      0.0032745239006631956,
      0.0032677746822195345
    ],
    "val_loss": [
      0.03125926475262358,
      0.011805184983781405,
      0.004678193296838019,
      0.008244339692672449,
      0.006408901081331784,
      0.009288936321224486,
      0.009684106080038916,
      0.005499722480419136,
      0.005053453845903277,
      0.004312490365312745,
      0.0037607576869915994,
      0.004976602664793886,
      0.005153987456911376,
      0.0036455225864691393,
      0.003968052560507897,
      0.0047678973559024075,
      0.0038569237526860974,
      0.004142111560906328,
      0.003293662623036653,
      0.00394930543344734,
      0.00374919839669019,
      0.003286961488248337,
      0.004492050208639176,
      0.0032258034085056613,
      0.003776088124141097,
      0.003723815693298266,
      0.0036941096020330277,
      0.0037454881877194914,
      0.0035239703027487154,
      0.004222206014674157,
      0.0034229432681708465,
      0.003773554361292294,
      0.0036479451144779368,
      0.003498449425456957,
      0.003676696242542849,
      0.0036927369378861926,
      0.0032789868225033083,
      0.003548586846417969,
      0.004083919441438324
    ],
    "learning_rate": [
      0.001,
      0.001,
      0.001,
      0.001,
      0.001,
      0.001,
      0.001,
      0.001,
      0.001,
      0.0005,
      0.0005,
      0.0005,
      0.0005,
      0.0005,
      0.0005,
      0.0005,
      0.0005,
      0.0005,
      0.0005,
      0.0005,
      0.0005,
      0.0005,
      0.0005,
      0.0005,
      0.0005,
      0.0005,
      0.0005,
      0.0005,
      0.0005,
      0.0005,
      0.00025,
      0.00025,
      0.00025,
      0.00025,
      0.00025,
      0.00025,
      0.000125,
      0.000125,
      0.000125
    ],
    "best_epoch": 24,
    "best_val_loss": 0.0032258034085056613
  }
}