{
  "metrics": {
    "mae": 15.948266901172031,
    "rmse": 19.676571352927954,
    "mape": 19.69179672426675,
    "r2": 0.2745747270287213
  },
  "config": {
    "data_path": "data/smp/smp_history_extended.csv",
    "output_dir": "models/smp",
    "input_hours": 24,
    "output_hours": 24,
    "hidden_size": 128,
    "num_layers": 3,
    "dropout": 0.2,
    "bidirectional": true,
    "batch_size": 32,
    "epochs": 200,
    "learning_rate": 0.001,
    "patience": 25,
    "test_size": 0.15,
    "val_size": 0.15,
    "input_size": 28
  },
  "timestamp": "2025-12-18T15:26:44.074657"
}