{
  "metrics": {
    "mae": 60.151920318603516,
    "rmse": 71.70236206054688,
    "mape": 8.381170779466629,
    "r2": -0.03332793712615967
  },
  "config": {
    "data_path": "data/smp/smp_history_real.csv",
    "output_dir": "models/smp",
    "input_hours": 24,
    "output_hours": 24,
    "hidden_size": 64,
    "num_layers": 2,
    "dropout": 0.3,
    "bidirectional": true,
    "batch_size": 8,
    "epochs": 150,
    "learning_rate": 0.001,
    "patience": 20,
    "test_size": 0.2,
    "val_size": 0.2,
    "input_size": 12
  },
  "timestamp": "2025-12-18T13:53:43.274021"
}